comparison,agent_type,model,low_success,low_total,base_success,base_total,chi2,chi2_p,fisher_p,cramers_v,odds_ratio,or_ci_lo,or_ci_hi
low_vs_base,cua,all,38,65,61,65,22.407950472466602,2.204595214555745e-06,2.543639671808484e-06,0.4151732768233098,0.0922890103217972,0.029947456931405367,0.2844068344662978
low_vs_base,cua,claude-sonnet,38,65,61,65,22.407950472466602,2.204595214555745e-06,2.543639671808484e-06,0.4151732768233098,0.0922890103217972,0.029947456931405367,0.2844068344662978
low_vs_base,text-only,all,49,130,107,130,53.91025641025641,2.0985935226743845e-13,1.7189487911361374e-13,0.4553538624404626,0.1300334602515288,0.07329041349473513,0.23070821924344256
low_vs_base,text-only,claude-sonnet,25,65,61,65,44.52431289640592,2.5121801228566387e-11,9.143305464262867e-12,0.5852304798861196,0.040983606557377046,0.013261749924565386,0.12665417580666113
low_vs_base,text-only,llama4-maverick,24,65,46,65,14.980952380952381,0.00010860187439816142,0.0001942100749869653,0.3394673699166022,0.2417815482502651,0.11599697609347671,0.5039641466790166
low_vs_base,vision-only,all,3,65,18,65,12.778505897771952,0.000350624865106076,0.0005591864909608164,0.3135222467603063,0.12634408602150538,0.03513944768976384,0.45427088705379776
low_vs_base,vision-only,claude-sonnet,3,65,18,65,12.778505897771952,0.000350624865106076,0.0005591864909608164,0.3135222467603063,0.12634408602150538,0.03513944768976384,0.45427088705379776
