test,chi2,p,V,U,low_median,base_median
exclude_infeasible,4.157575757575757,0.04144868745766304,0.24370871833797697,,,
exclude_reddit67,53.493975903614455,2.593870038710747e-13,0.6676699278312005,,,
token_cua,,7.986970165466458e-07,,3173.0,371494.0,137694.0
token_text-only,,1.6038786938707015e-07,,11627.5,97480.5,39739.5
token_vision-only,,0.651512647750588,,2210.0,54083.0,46760.0
