agent_type,model,Z,p
cua,all,5.606934482024406,2.059415726840541e-08
cua,claude-sonnet,5.606934482024406,2.059415726840541e-08
text-only,all,7.588983946849391,3.219646771412954e-14
text-only,claude-sonnet,6.635399045958634,3.236255707861346e-11
text-only,llama4-maverick,4.6092200421112475,4.0418238340667045e-06
vision-only,all,3.5547151784636704,0.0003783887465675928
vision-only,claude-sonnet,3.5547151784636704,0.0003783887465675928
